name,skills,industry,description
John Doe,Python NLP AI,Technology,Expert in AI with 10 years of experience.
Jane Smith,Data Analysis Machine Learning,Finance,Strong background in ML for financial markets.
Alan Turing,Cybersecurity Encryption,Security,Leading expert in cybersecurity and data protection.
Emily Johnson,Cloud Computing AWS Azure,Technology,Cloud architect with experience in scalable infrastructure.
Michael Brown,Corporate Finance Risk Management,Finance,10 years of experience in managing corporate financial risks.
Sara Lee,UX Design Figma AdobeXD,Design,Creative lead in UX design for multiple tech startups.
David Kim,Data Engineering Big Data Spark,Technology,Data engineer specializing in large-scale data pipelines.
Nancy Green,Healthcare Administration Policy,Healthcare,Healthcare executive focusing on hospital administration.
George Miller,Digital Marketing SEO SEM,Marketing,Expert in performance marketing and digital campaigns.
Rachel Adams,Software Engineering Java Spring,Technology,Backend software engineer with expertise in Java frameworks.
Tom Hanks,Film Production Screenwriting,Entertainment,Accomplished filmmaker and screenwriter with award-winning projects.
Lisa White,Education Policy Curriculum Design,Education,Leader in curriculum design and educational reforms.
Kevin Hart,Comedy Performance Writing,Entertainment,Professional comedian and writer for global events.
Maria Gonzalez,Product Management Agile Scrum,Technology,Experienced product manager leading agile software teams.
Paul Walker,Mechanical Engineering CAD Design,Engineering,Engineer specializing in automotive design and CAD.
Sophie Turner,Public Relations Media Strategy,Public Relations,PR manager with experience handling large-scale media campaigns.
Jason Lee,Machine Learning Deep Learning,Technology,AI researcher developing deep learning models for healthcare.
Lucy Black,Legal Corporate Law Contracts,Legal,Corporate lawyer specializing in contract negotiations and mergers.
Jack Frost,Real Estate Property Management,Real Estate,Experienced real estate manager for luxury properties.
Anna Bell,Customer Success SaaS Client Relations,Technology,Customer success manager with SaaS experience.
Chris Rock,Event Management Logistics Planning,Hospitality,Event planner with expertise in large-scale corporate events.
Tina Fey,Content Writing Blogging SEO,Media,Content strategist and professional blogger.
Steve Rogers,Leadership Coaching Team Building,Consulting,Leadership coach for Fortune 500 companies.
Laura Wells,Biomedical Research Genetics,Healthcare,Biomedical researcher with focus on genetic studies.
Omar Malik,Full Stack Development React Node.js,Technology,Full-stack developer specializing in web applications.
Priya Patel,Civil Engineering Structural Analysis,Engineering,Structural engineer working on major bridge projects.
Liam Neeson,Acting Voiceover Production,Entertainment,Actor and voiceover artist for animated films.
Julia Roberts,Sales B2B Account Management,Sales,B2B sales lead with experience in enterprise account management.
Derek Smith,Blockchain Smart Contracts,Technology,Blockchain developer creating decentralized applications.
Monica Bellucci,HR Talent Acquisition Diversity Hiring,Human Resources,HR executive focusing on diversity and inclusion.
Henry Golding,Photography Editing Lightroom,Media,Professional photographer and photo editor.
Chloe Zhao,Film Direction Editing,Entertainment,Film director specializing in independent films.
Bruce Wayne,Law Enforcement Criminal Justice,Security,Detective with experience in criminal investigations.
Clark Kent,Journalism Investigative Reporting,Media,Investigative journalist with 15 years of experience.
Natasha Romanoff,International Relations Diplomacy,Government,Diplomat with experience in international negotiations.
Tony Stark,Electrical Engineering Robotics,Technology,Robotics engineer developing advanced autonomous systems.
Peter Parker,Photography Journalism,Media,Photojournalist covering global events and conflicts.
Diana Prince,Non-Profit Management Fundraising,Non-Profit,Executive director of a non-profit organization.
Lex Luthor,Strategic Management Operations,Consulting,Strategist advising Fortune 500 companies.
Bruce Banner,Biochemistry Genetic Engineering,Healthcare,Researcher in biochemistry and genetic engineering.
Steve Jobs,Entrepreneurship Innovation,Technology,Innovator and entrepreneur founding multiple tech startups.
Gal Gadot,Military Leadership Tactical Operations,Defense,Military officer specializing in tactical operations.
Ryan Reynolds,Comedy Screenwriting,Entertainment,Actor and screenwriter for major comedy films.
Margot Robbie,Acting Producing,Entertainment,Actress and producer leading blockbuster films.
Jeff Bezos,E-commerce Logistics Supply Chain,Technology,Founder and leader in e-commerce and logistics.
Elon Musk,Aerospace Engineering Space Exploration,Engineering,Visionary engineer and entrepreneur in space technology.
Serena Williams,Sports Management Training,Entertainment,Professional athlete and coach for upcoming tennis players.
Gordon Ramsay,Culinary Arts Restaurant Management,Hospitality,World-renowned chef and restaurateur.
Oprah Winfrey,Public Speaking Media Production,Media,Talk show host and media mogul.